<?xml version="1.0"?>
<employees>
<employee>
<name>tharun</name>
<codeno> 1001</codeno>
<doj>12-06-2017</doj>
<dept>commerce</dept>
<salary>15000</salary>
</employee>
<employee>
<name>lallu</name>
<codeno> 1002</codeno>
<doj>19-06-2017M</doj>
<dept> commerce </dept>
<salary> 17000 </salary>
</employee>
<employee>                                              
<name> bhai </name>
<codeno>1003 </codeno>
<dept> computer </dept>
<salary> 18000</salary>
</employee>
</employees>
                                                                               
