<?xml version="1.0" encoding="UTF-8"?>
<EmployeeDatabase>
    <Employee>
        <ID>1</ID>
        <Name>John Doe</Name>
        <Position>Software Engineer</Position>
        <Department>IT</Department>
        <Salary>75000</Salary>
    </Employee>
    <Employee>
        <ID>2</ID>
        <Name>Jane Smith</Name>
        <Position>Marketing Manager</Position>
        <Department>Marketing</Department>
        <Salary>65000</Salary>
    </Employee>
    <Employee>
        <ID>3</ID>
        <Name>Michael Johnson</Name>
        <Position>HR Specialist</Position>
        <Department>Human Resources</Department>
        <Salary>55000</Salary>
    </Employee>
    <Employee>
        <ID>4</ID>
        <Name>Emily Davis</Name>
        <Position>Graphic Designer</Position>
        <Department>Design</Department>
        <Salary>60000</Salary>
    </Employee>
    <Employee>
        <ID>5</ID>
        <Name>Chris Brown</Name>
        <Position>Product Manager</Position>
        <Department>Product</Department>
        <Salary>80000</Salary>
    </Employee>
    <Employee>
        <ID>6</ID>
        <Name>Amy Wilson</Name>
        <Position>Sales Representative</Position>
        <Department>Sales</Department>
        <Salary>55000</Salary>
    </Employee>
    <Employee>
        <ID>7</ID>
        <Name>David Lee</Name>
        <Position>Systems Analyst</Position>
        <Department>IT</Department>
        <Salary>70000</Salary>
    </Employee>
    <Employee>
        <ID>8</ID>
        <Name>Linda White</Name>
        <Position>Operations Manager</Position>
        <Department>Operations</Department>
        <Salary>75000</Salary>
    </Employee>
    <Employee>
        <ID>9</ID>
        <Name>James Taylor</Name>
        <Position>Accountant</Position>
        <Department>Finance</Department>
        <Salary>60000</Salary>
    </Employee>
    <Employee>
        <ID>10</ID>
        <Name>Mary Harris</Name>
        <Position>Customer Support</Position>
        <Department>Support</Department>
        <Salary>45000</Salary>
    </Employee>
</EmployeeDatabase>
