<?xml version="1.0"?>
<xsl:style sheet version="1.0 "
xmlns:xsl="http://www.w3 org/1999/xsl/transform">
<xsl:templete match="/">
<html>
<body>
<h2>student data base</h2>
<table border="3">
<tr bg color="orange">
<th>name,/th>
<th>class</th>
</tr>
<xsl:for-each select="catalog/book">
<xsl:sort select="class">
<tr>
<td><xsl:value of select="name"/></td>
<td><xsl:value of select="class"/></td>
</tr>
</xsl:for-each>
</table>
</body>
</html>
</xsl:template>
</xsl:stylesheet>
<?xml-stylesheet type="TEXT/XSL" href="EX4.XSL"?>
<catalog>
<body>
<book>
<name>S.BHARATH</name>
<class>b.tech</class>
</book>
<book>
<name>P.KUMARI</name>
<class>b.com</class>
</book>
<book>
<name>P.RAVIKUMAR</name>
<class>MCA</class>
</book>
<book>
<name>P.BHARATHI</name>
<class>B.TECH</class>
</book>
</catalog>

